group,k,pooled_percent,ci_low_percent,ci_high_percent,tau2,n_total_sum,n_resistant_sum
drug_resistance_type=MDR | new_or_retreatment=nan,6,31.33671968238551,16.012315197675736,52.2101601095178,1.013984985052623,911.0,244.0
drug_resistance_type=MDR | new_or_retreatment=retreated,1,86.8421052631579,72.04042392922636,94.41529592874865,0.0,38.0,33.0
drug_resistance_type=RR | new_or_retreatment=nan,1,4.310344827586206,2.614932665462982,7.0256883533108505,0.0,348.0,15.0
drug_resistance_type=RR | new_or_retreatment=new,1,15.254237288135593,8.13234202695345,26.79405165825626,0.0,59.0,9.0
drug_resistance_type=XDR | new_or_retreatment=nan,2,64.82518976522144,35.24175322742228,86.18995729210444,0.6988730325570858,153.0,91.0
drug_resistance_type=pre-XDR | new_or_retreatment=nan,1,96.29629629629629,86.36292421261572,99.07186801240283,0.0,54.0,52.0
overall,12,42.497752815795025,25.308785047436434,61.71491526866084,1.710694172566268,1563.0,444.0
