,p_new,p_ret
pooled,0.01034290485878023,0.08762525667210179
ci,"(np.float64(0.010287372099811145), np.float64(0.010398437617749313))","(np.float64(0.08722404207928951), np.float64(0.08802647126491407))"
