{
  "r2_new": 0.5146040296941945,
  "r2_ret": 0.1384314445363113
}