{
  "metrics": [
    {
      "model": "poly_deg1",
      "rmse": 1122000.763607542,
      "mae": 993093.0286561251
    },
    {
      "model": "poly_deg2",
      "rmse": 1254587.6749339534,
      "mae": 1016741.9085264206
    },
    {
      "model": "ets",
      "rmse": 1237282.8722069839,
      "mae": 1008173.5132112969
    },
    {
      "model": "bayes_lin",
      "rmse": 1122000.7636078887,
      "mae": 993093.028655976
    }
  ]
}