Year,Predicted_Cases
2025,2602142.193417581
2026,2691062.7663423237
2027,2779983.3392670667
