Year,Predicted_Cases,Lower_CI,Upper_CI
2025,2590776.315560312,2190463.218159883,2991089.412960741
2026,2673008.6728349915,2106880.461295723,3239136.88437426
2027,2754090.2509087096,2060727.6272758977,3447452.8745415215
2028,2834037.1540597966,2033410.9592589382,3634663.348860655
2029,2912865.261199476,2017737.9631286222,3807992.5592703302
2030,2990590.2290257043,2010027.40304159,3971153.0550098186
