Year,Baseline,Prevention_First,Treatment_First,Combination_Strategy
2025,2368507.9068089877,2486933.3021494374,2321137.748672808,2437194.6361064487
2026,2403977.1312097013,2524175.9877701863,2308779.636813797,2424218.6186544867
2027,2439463.7416433617,2195517.367479026,2296003.757924799,2020483.3069738229
2028,2474967.9881099686,2004724.0703690746,2282831.669251893,1767824.8446686661
2029,2510489.6206095144,1830146.9334243361,2269283.778219482,1546453.3549107867
2030,2546028.889142014,1670449.5541660755,2255380.2929060864,1352541.096691221
